Product URL,Product Name,Price,Ratings,Reviews
,,,,
/Lenovo-Professional-Backpack-Water-resistant-Uncompromised/dp/B08R7S55H4,"Lenovo 15.6"" Professional Backpack, Made in India, Water-resistant,Uncompromised storage, Travel friendly:Fleece-lined PC compartment,Vented,Padded BackPanel & Adjustable shoulder straps,Luggage strap","₹1,337",4.2 out of 5 stars,(696)
/BROGBUS-Business-Messenger-Sling-10-05inch/dp/B09QLD9GJY,BROGBUS Leather Men Bag Business Messenger,₹989,4.1 out of 5 stars,(367)
/Isle-Locada-Hidesign-Womens-Sling/dp/B07TDTPRJ9,Isle Locada by Hidesign Women's SLING BAG(MARSALA/BROWN),"₹1,899",4.5 out of 5 stars,(353)
,,,,
/Wildcraft-Turnaround-Polyester-Laptop-8903340000000/dp/B012D4QWES,Wildcraft Turnaround Polyester 14 inch 27 Ltrs Blue Laptop Bag (8903340000000),"₹1,695",4.3 out of 5 stars,"(3,184)"
/Amazon-Brand-Womens-Sling-Light/dp/B07YXBTD6Z,Amazon Brand - Eden & Ivy Women's Sling Bag,₹562.17,4.3 out of 5 stars,(609)
/SIDRUM-D2-Adjustable-Compatible-Mirrorless/dp/B09KH6CN1M,"SIDRUM D2 DSLR/SLR Camera Shoulder Bag Case with Adjustable Shoulder Strap, Compatible for Nikon, Canon, Sony Mirrorless Cameras - Waterproof - Breathable - Anti Shock (Grey)",₹664,4.4 out of 5 stars,(159)
/Mammon-Womens-Leather-Handbag-4-teddy-pink/dp/B08N5F7P68,Mammon Women's PU Leather Handbag Combo,₹636,3.4 out of 5 stars,"(6,911)"
/ADISA-Womens-Sling-SL5059-CRE_Off-White/dp/B09154JPWQ,ADISA Women's Quilted Cross Body Sling Bag,₹495,4.1 out of 5 stars,"(2,147)"
/Isle-Locada-Hidesign-Womens-Sling/dp/B07L6NGWLP,Hidesign Women Sling Bag (Blue),"₹1,499",4.4 out of 5 stars,(250)
/Nivia-5177SB-Polyester-String-Blue/dp/B071XMLFTL,NIVIA String Bag/Drawstring Bag/Sports Bag Boys/Polyester String Bag/Kit Bags/Drawstring Sports Bag/Dori Backpack/Gym Bag/String Bag Men Waterproof/Drawstring Backpack (Sky Blue),₹193,4.2 out of 5 stars,(444)
,,,,
/Business-Shoulder-Leather-Material-Resistant/dp/B07MH9SV9L,ZOUK Orange Wave Printed Handmade Vegan Leather Women's Office Bag for 15.6 inch Laptop with Double Handles - Tidalwave,"₹1,699",4.4 out of 5 stars,"(1,694)"
/Safari-Casual-Backpack-Charging-Resistant/dp/B09B2581S9,"Safari Sneak Casual Backpack with USB Charging Port 26 Ltrs Water Resistant Fabric - Grey, L (SNEAK19CBGRE)",₹899,3.7 out of 5 stars,(764)
/Storage-Disposable-Freezer-Feeding-Transparent/dp/B099ZVTNCP,"LuvLap Baby Breast Milk Storage Bags (Pack of 50), BPA Free Disposable Milk Freezer Bags for Breast Feeding, Transparent",₹549,4.3 out of 5 stars,(516)
/American-Tourister-Polypropylene-FH0-001/dp/B07Q2DV3H1,American Tourister Skittle Nxt Polypropylene 50 cms Orange Kid's Luggage (FH0 (0) 96 001),"₹2,299",4.5 out of 5 stars,(664)
/Gear-Superior-Casual-Backpack-BKPSPRIOR0001/dp/B08GY2ZN96,Gear Superior 16LWater Resistant School Bag//Backpack/College Bag for Men/Women - Black,₹395,3.9 out of 5 stars,(216)
/Isle-Locada-Hidesign-Womens-Sling/dp/B07SYJL1P7,Hidesign Women Sling Bag (Blue),"₹1,999",4.4 out of 5 stars,(103)
/s/?k=bags+for+girls&ref=sugsr_0&pd_rd_w=vKmQJ&content-id=amzn1.sym.c16802f7-e9f2-4a7a-ace2-b13748bc8783:amzn1.sym.c16802f7-e9f2-4a7a-ace2-b13748bc8783&pf_rd_p=c16802f7-e9f2-4a7a-ace2-b13748bc8783&pf_rd_r=8F74Q2XTC87Z5AZPYVF0&pd_rd_wg=ECdne&pd_rd_r=3a11ebf2-d3d5-411f-9d60-a532a3c5d3a6&qid=1675433142,,,,
,,,,
/gp/help/customer/display.html?nodeId=200533820,,,,
,,,,
/Gear-Superior-Casual-Backpack-BKPSPRIOR0001/dp/B08GY2ZN96,Gear Superior 16LWater Resistant School Bag//Backpack/College Bag for Men/Women - Black,₹395,3.9 out of 5 stars,(216)
/Isle-Locada-Hidesign-Womens-Sling/dp/B07SYJL1P7,Hidesign Women Sling Bag (Blue),"₹1,999",4.4 out of 5 stars,(103)
/Gear-Ltrs-Casual-Backpack-MDBKPECO50504/dp/B0757K36YV,Gear Moderneco5 21L Water Resistant School Bag/Backpack/College Bag For Men/Women - Navyblue,₹429,3.9 out of 5 stars,"(2,497)"
,,,,
/AirCase-Messenger-Detachable-Shoulder-Warranty/dp/B0BHZ12XQ7,"AirCase Office Canvas Sling Messenger Bag fits Upto 15.6"" Laptop/ MacBook, PU Leather Handles, Detachable Shoulder Strap, Easy to Clean, for Office/ Travel, Men & Women,Grey- 6 Month Warranty",₹999,,
/Wooum-Resisitance-Shoulder-Business-Messenger/dp/B0993Q72WD,wooum Water Resisitance Sling Cross Body Bag/One Side Bag/Shoulder Bag/Office Business Messenger Bag/Money Bag for Men and Women - Blue,₹328,4.0 out of 5 stars,(575)
/Wesley-Milestone-Waterproof-Backpack-Business/dp/B07PLKV6D1,Wesley Milestone 15.6 inch 25 L Casual Waterproof Laptop Backpack/Office Bag/School Bag/College Bag/Business Bag/Unisex Travel Backpack,₹498,4.3 out of 5 stars,"(12,106)"
/Tommy-Hilfiger-Polyester-TH-KENDALL0815/dp/B082PFY9VC,Tommy Hilfiger Polyester 53 cms Navy + White Gym Shoulder Bag (TH/KENDALL0815),"₹1,681",4.4 out of 5 stars,(63)
/AirCase-Messenger-13-Inch-14-Inch-MacBook/dp/B07WS6HTHY,"AirCase C26 13.3 Inch/14 Inch Messenger Laptop Bag with Shoulder Strap, Water resistant, Handle and 2 Multi Utility Compartments (Black)",₹949,4.1 out of 5 stars,"(2,565)"
/EcoRight-Womens-Reusable-Ecofriendly-0202F01/dp/B06XRQRDCY,"Eco Right Large Tote Bag for Women with Zip, Stylish Cotton Handbags, Canvas Tote Bags for College",₹519,4.1 out of 5 stars,"(7,081)"
/Capacity-Cosmetic-Portable-Cosmetics-Organizer/dp/B0BR123Z9J,"ZANIC'S Large Capacity Cosmetic Travel Bag, Women's Makeup Travel Bag Portable Leather Cosmetics Bag, Makeup Storage Bags with Handle and Divider, Wide Opening Cosmetic/Makeup Organizer Bags (Pink)",₹787,4.4 out of 5 stars,(26)
,,,,
/Marma-Zig-Zag-Sling-Navy/dp/B08KR4WRM6,Lavie Women's Marma Dome Sling Bag| Ladies Purse Handbag,"₹1,019",4.0 out of 5 stars,"(2,791)"
/wooum-Resistant-Material-Messenger-Compartment/dp/B0BQFHN15L,wooum Water Resistant Material Sling Bag/One Side Bag/Shoulder Bag/Messenger Bag/Office Messenger Bag/Travel Side Bag with 14.1 Inch Laptop Compartment -,₹474,4.0 out of 5 stars,(201)
/Nivia-5177RD-Polyester-String-Bag/dp/B07NNJKQQY,Nivia 5177RD Polyester String Bag (Red),₹193,4.0 out of 5 stars,(250)
/VIFITKIT-Multi-Purpose-Spacious-Storage-Compartment/dp/B0B4BLYKYB,"VIFITKIT Gym Bag for Men & Women, Duffel Bag, Multi-Purpose Bag with Spacious Storage Compartment & Durable Zipper Closure (22.5 litres, Blue & Black)",₹299,4.1 out of 5 stars,(34)
/SACCI-MUCCI-Allamanda-Lightweight-SM1-10_magnolia/dp/B09TDNZ88Z,"SACCI MUCCI Women's Rainbow Sling Bag, Handmade Bags for Females - 100% Vegan Leather and Coated Duck canvas Fabric, Lightweight and Durable",₹449,4.3 out of 5 stars,(559)
/Lino-Perros-Womens-Sling-Gold/dp/B07MV38P1L,Lino Perros Faux Leather Sling Bag,₹889,3.9 out of 5 stars,(193)
/s/?k=bags+for+girls&ref=sugsr_0&pd_rd_w=6iUyO&content-id=amzn1.sym.c16802f7-e9f2-4a7a-ace2-b13748bc8783:amzn1.sym.c16802f7-e9f2-4a7a-ace2-b13748bc8783&pf_rd_p=c16802f7-e9f2-4a7a-ace2-b13748bc8783&pf_rd_r=GCSS86Y6M1FT3MVSPXDA&pd_rd_wg=g4QBu&pd_rd_r=b225db29-df87-4567-9a2c-4de50d087520&qid=1675433159,,,,
,,,,
/gp/help/customer/display.html?nodeId=200533820,,,,
,,,,
/Step-Backpack-Small-Water-Repellant/dp/B088X9M73T,"Mi Step Out 12 L Mini Backpack (Small Size, Sky Blue, Water Repellant)",₹299,4.1 out of 5 stars,"(7,634)"
/LL-LEATHER-LAND-DESIGNER-BAGS/dp/B0BD4TTDHD,LL LEATHER LAND DESIGNER BAGS Sling Bag_SLG_90,₹299,4.0 out of 5 stars,"(1,548)"
/Rabbit-Caramello-Backpack-Multi-Function-Waterproof/dp/B07FHXNPCH,"R for Rabbit Caramello Delight Diaper Bag Backpack -Multi-Function Waterproof Mother Bag for Travel with Baby - Large Capacity, Durable and Stylish.(Grey Black)","₹1,999",4.4 out of 5 stars,(790)
,,,,
/Isle-Locada-Hidesign-Womens-Sling/dp/B07T22KS9F,Isle Locada by Hidesign Women's SLING BAG(MARSALA),"₹1,599",4.3 out of 5 stars,(152)
/Okami-Wolf-unisex-adult-Messenger-Protection/dp/B0B7521SSD,Okami Wolf unisex-adult ZenPack Laptop Messenger Bag With USB Fast Charger and RFID Protection ( Black),"₹3,499",4.4 out of 5 stars,(36)
/Gear-Colorado-Orange-Laptop-Backpack/dp/B097K6KD7W,F Gear Colorado Grey Orange 39 Ltrs Laptop Backpack (3814),₹662,4.4 out of 5 stars,(93)
/Baggit-Womens-Laptop-Bag-Large/dp/B0BNTL7Z7J,Baggit Women's Laptop Bag - Large (Blue),"₹1,217",5.0 out of 5 stars,(1)
/Gear-Green-Casual-Backpack-BKPECOBP40503/dp/B019HA8DQQ,Gear Eco4 19L Water Resistant School Bag//Backpack/College Bag for Men/Women - Navy Blue,₹489,4.0 out of 5 stars,"(4,121)"
/Tabelito-Office-Laptop-Briefcase-Women/dp/B08FL584Z4,Tabelito® Laptop Bag For Men and women Briefcase 15.6 Inch (39.6 cm) Messenger Side Shoulder Travel bags for mens Water Resistant gifts office bag for men,₹549,3.8 out of 5 stars,"(1,404)"
/Wildcraft-Wolf_Blk-Casual-Backpack-11629-Wolf_Blk/dp/B079DDT65R,Wildcraft 44 Ltrs Casual Backpack (11629-Wolf_Black),"₹1,599",4.3 out of 5 stars,"(5,417)"
,,,,
/Lenovo-Laptop-Backpack-15-6-Inch-GX40Q17227/dp/B075Y6SRMG,Lenovo Casual Laptop Backpack B210 39.62 cm (15.6) -inch Water Repellent Grey,₹906,4.2 out of 5 stars,"(53,084)"
/Classic-Leather-Laptop-Backpack-LBPCLSLTH1901/dp/B07G4CYC74,Gear Classic 20L Faux Leather Water Resistant Anti Theft Laptop Bag/Backpack for Men/Women-Tan,₹999,4.4 out of 5 stars,"(2,270)"
/Kuber-Industries-Lightweight-Toiletry-Carrying/dp/B0B45QRYHY,Kuber Industries Rexine Lightweight Travel Toiletry Bag Shaving Kit with Carrying Strap (Grey) 54KM4283,₹244,4.1 out of 5 stars,(18)
/Van-Heusen-Woman-Spring-Summer-Burgundy/dp/B07MHFJ167,Van Heusen womens Sling - textured single color belt,"₹1,362",4.5 out of 5 stars,(209)
/LXE-ECONO-ASHLYN-VINTAGE-BLUE/dp/B09MK23GB8,Baggit Women's Sling Bag,₹749,4.4 out of 5 stars,(49)
/Safari-Formal-Backpack-Anti-Theft-VAULT19CBBLK/dp/B07XSTR69N,"Safari 48 Cms Black Formal/Office/Laptop Backpack With Anti-Theft, Lock, Usb And Rfid (Vault19Cbblk)","₹1,399",4.0 out of 5 stars,(783)
/s/?k=bags+for+girls&ref=sugsr_0&pd_rd_w=Y3y3x&content-id=amzn1.sym.c16802f7-e9f2-4a7a-ace2-b13748bc8783:amzn1.sym.c16802f7-e9f2-4a7a-ace2-b13748bc8783&pf_rd_p=c16802f7-e9f2-4a7a-ace2-b13748bc8783&pf_rd_r=M242X8NWRZV5RE5983N7&pd_rd_wg=xCNX7&pd_rd_r=64ccd752-765f-4903-af52-378adf1f9eec&qid=1675433176,,,,
,,,,
/gp/help/customer/display.html?nodeId=200533820,,,,
,,,,
/Lenovo-GX40Q17226-15-6-Inch-Casual-Backpack/dp/B075Y7H8V6,Lenovo Casual Laptop Backpack B210 39.62 cm (15.6-inch) Water Repellent Blue,"₹1,049",4.2 out of 5 stars,"(53,084)"
/Kleider-Nylon-Travel-Mobile-Messenger/dp/B08V5B5G14,DEIN KLEIDER Nylon Cross Body Travel Mobile Pouch Sling Messenger Bag for Women,₹259,4.2 out of 5 stars,"(1,331)"
/F-Gear-Trail-Marpat-ACV-Camo/dp/B08NYJGHM6,F Gear Trail Sports Waist Bag (Marpat ACV Camo),₹560,4.4 out of 5 stars,(935)
,,,,
/Crafts-My-Dream-Womens-CMD2904/dp/B0100BD0IW,CRAFTS MY DREAM Women's Cross Body (Multicolor) Rose casual sling Bag,₹299,4.0 out of 5 stars,"(1,447)"
/SAFARI-Denim-Casual-Backpack-DAYPACKNEO15CBDNB/dp/B07NSC4SL5,SAFARI 15 Ltrs Denim Blue Casual/School/College Backpack (DAYPACKNEO15CBDNB),₹530,4.0 out of 5 stars,"(12,160)"
/Shalimar-Reusable-Grocery-Multipurpose-Green/dp/B097J7KCL4,Shalimar Reusable Grocery/Multipurpose Bags (Blue/Green) (16 x 15 x 5 Inch) - Pack of 2,₹48,,
/Lino-Perros-Womens-Handbag-White/dp/B07L4QGTR4,Lino Perros Faux Leather Handbag,"₹1,483",4.3 out of 5 stars,"(2,423)"
/Gear-Classic-Leather-Backpack-LBPCLSLTH0101/dp/B07G4D13LB,Gear Classic 20L Faux Leather Water Resistant Anti Theft Laptop Bag/Backpack for Men/Women-Black,₹999,4.4 out of 5 stars,"(2,528)"
/Nivia-5227-Junior-Others-Orange/dp/B08D7QKCX5,"Nivia 5227 Pulse Junior Bag, Others (Orange) (ORNAGE)",₹369,3.7 out of 5 stars,(139)
/American-Tourister-Polypropylene-FO1-002/dp/B08CS9NC8Y,American Tourister Ivy Polypropylene 68 cms Black Hardsided Check-in Luggage (FO1 (0) 09 002),"₹3,699",4.2 out of 5 stars,"(8,512)"
,,,,
/Isle-Coco-Hidesign-Womens-Sling/dp/B07L6N38Y3,Hidesign Women Sling Bag (Silver),"₹2,299",4.3 out of 5 stars,(70)
/Wildcraft-Typo_Blk-Casual-Backpack-11619-Typo_Blk/dp/B079MBFH5V,Wildcraft 35 ltrs (19 Cms) Casual Backpack(11619-Typo_Blk_Black),"₹1,298",4.3 out of 5 stars,(340)
/Kuber-Industries-Transparent-Waterproof-F_26_KUBBMART017038/dp/B08WK5WQ3K,"Kuber Industries Large Size Crystal Clear Plastic Cosmetic Bags Travel PVC Vinyl Toiletry Bag, Zipper Large Transparent Waterproof Make-Up Case Organizer Bag (Blue) (F_26_KUBBMART017038)",₹244.88,3.8 out of 5 stars,(20)
/Polyester-Crossbody-Messenger-Business-Spacious/dp/B09TL193PL,CRALOFT Polyester Side Bag For Men/Sling Bag/Crossbody Tablet Messenger Bag For Office Business Travel (Extra Spacious),₹529,4.3 out of 5 stars,(272)
/Isle-Coco-Hidesign-Womens-Sling/dp/B07L6D1VFK,Hidesign Women Sling Bag (Blue),"₹1,599",4.3 out of 5 stars,(128)
/Gear-Executive-Anti-Theft-Backpack-BKPPKREXE0101/dp/B097KCMQKG,Gear Parker 23L Water Resistant Anti Theft Laptop Bag/Backpack for Men/Women - Black,₹649,4.3 out of 5 stars,(302)
/s/?k=bags+for+girls&ref=sugsr_0&pd_rd_w=1DtS1&content-id=amzn1.sym.c16802f7-e9f2-4a7a-ace2-b13748bc8783:amzn1.sym.c16802f7-e9f2-4a7a-ace2-b13748bc8783&pf_rd_p=c16802f7-e9f2-4a7a-ace2-b13748bc8783&pf_rd_r=FGBCPJA7EMTZQ22Q5MD9&pd_rd_wg=bIKhI&pd_rd_r=fc7812df-637c-4806-ba84-056e8df15ea4&qid=1675433210,,,,
,,,,
/gp/help/customer/display.html?nodeId=200533820,,,,
,,,,
/ADISA-Womens-Girls-Sling-SL5029-CRE_Off-White/dp/B083LCD3L4,ADISA Women's & Girls' Sling Bag,₹399,4.0 out of 5 stars,"(1,536)"
/Chumbak-Womens-Flower-Canvas-Sling/dp/B08FRFFGDB,Chumbak Sling Bags,₹997,3.8 out of 5 stars,(131)
/Shoulder-Lightweight-Duffle-Weekend-Blue-Orange/dp/B09139DYF1,"Aurion Vista Polyester Sports Gym Duffle Bag with Wet Pocket and Shoe Compartment - 1Pc (Blue, 24 Cms) | Lightweight Duffle Bags | Travel Duffel Backpack for Men and Women | Camping | Swimming | Yoga",₹299,4.1 out of 5 stars,(978)
,,,,
/Wildcraft-Ltrs-orange-Rucksack-8903338073864/dp/B01G5I8YLC,"Wildcraft 45 Ltrs Grey and Orange Rucksack (8903338073864), Large","₹1,749",4.3 out of 5 stars,"(8,681)"
/DailyObjects-Trio-Quin-Trapeze-Crossbody/dp/B082J15BNJ,"DailyObjects Trapeze Sling Crossbody Bag for girls and women | Vegan leather, Stylish, Sturdy, Zip closure with Adjustable Straps (Multicolour)","₹1,099",4.1 out of 5 stars,(736)
/F-Gear-Yakuza-Brown-Laptop-Backpack/dp/B071VNWC1C,F Gear Yakuza Brown 34 liter Laptop Backpack Sch Bag,"₹1,139",4.4 out of 5 stars,(794)
/Nelle-Harper-Womens-Shoulder-Dark/dp/B07RBR6NW2,Nelle Harper Women's Handbag,₹699,3.9 out of 5 stars,"(2,816)"
/Chumbak-Forest-Flowers-Embroidered-Green/dp/B084YYMS2W,Chumbak Forest Flowers Embroidered Sling Bag - Green,"₹2,396",4.0 out of 5 stars,(12)
/Baggit-2121247-Womens-Handbag-Green/dp/B0992BN8KT,Baggit Women's Sling bag (Teal),₹689,4.1 out of 5 stars,(47)
/AirCase-Messenger-15-6-Inch-MacBook-2-Multi/dp/B07WPBDD6D,"AirCase Office Messenger Sling Bag fits upto 15.6"" Laptop/Macbook, Detachable Shoulder Strap, Waterproof, Shockproof, Carry Handle with Spacious Pockets, For Men & Women",₹949,3.7 out of 5 stars,(120)
,,,,
/Lino-Perros-Womens-Tote-Multi-Colour/dp/B07JN6TTCK,Lino Perros leatherette Tote Bag,₹919,3.9 out of 5 stars,(484)
/Antin-Metallic-Shoulder-contrast-detachable/dp/B09MRWPZGW,"Antin Rose Gold Metallic Faux Leather Shoulder Bags Wear as Tote Bag, Handbag, Sling Bag with contrast double handle and detachable shoulder strap. (ACPL-5021_RG)","₹1,000",4.4 out of 5 stars,(52)
/Vector-Polyester-Blitz-Gym-Grey-Orange/dp/B091MYFBBR,Vector X Polyester Blitz Gym Bag (Grey-Orange),₹299,3.5 out of 5 stars,(5)
/Arctic-Fox-Shutter-Topography-Camera/dp/B0835GMWBC,Arctic Fox Sling Shutter Topography Camera Bag,"₹1,199",4.5 out of 5 stars,(283)
/Aliizey-Jacquard-Handbag-College-AJ_6212_CRM_BLK_TB/dp/B07XGM9CG1,ALII AND ALIIZEY Tote Bag (6212),₹889,4.3 out of 5 stars,"(1,054)"
/Lavie-Cetan-Womens-Sling-Bag/dp/B07G8528H6,Cetan Zip Flap Over Sling bag,₹719,4.1 out of 5 stars,(159)
/s/?k=bags+for+girls&ref=sugsr_0&pd_rd_w=F4BHD&content-id=amzn1.sym.c16802f7-e9f2-4a7a-ace2-b13748bc8783:amzn1.sym.c16802f7-e9f2-4a7a-ace2-b13748bc8783&pf_rd_p=c16802f7-e9f2-4a7a-ace2-b13748bc8783&pf_rd_r=6FH5X0GA37DSDBST06XR&pd_rd_wg=VNHhS&pd_rd_r=0f2ef37a-eedf-4c73-994e-0fcccaf3f4d7&qid=1675433275,,,,
,,,,
/gp/help/customer/display.html?nodeId=200533820,,,,
,,,,
/Lavie-Moritz-Womens-Sling-Navy/dp/B07SMBCMG7,Lavie Women's Reptile Woven Texture Sling Bag | Ladies Purse Handbag | Crossbody Sling Strap,₹888,4.0 out of 5 stars,"(1,029)"
/DailyObjects-Womens-Vegan-Leather-Fatty/dp/B07ZZ8VCB1,DailyObjects Women's Vegan Leather Fatty Tote Bag,"₹1,399",4.2 out of 5 stars,(354)
/Cartoon-Unicorn-Haversack-Drawstring-Birthday/dp/B0BFXLZZ3J,"AK Store Cartoon Unicorn Print Dori Bag Haversack Bags, Drawstring Sack Bags, Exam Bags, Tution Bags for Boys, Girls, Kids, Birthday Return Gift Bags, Pink",₹99,,
,,,,
/Aristocrat-Spark-Polyester-Small-Duffle/dp/B0B6CF261N,Aristocrat Spark 53cm Polyester Small Red Duffle Bag,"₹1,029",4.3 out of 5 stars,(59)
/Kraptick-backpack-maternity-nursing-mothers/dp/B0BFWJFS62,"Kraptick Diaper bag backpack, diaper bags for mom for travel, baby diaper bag, maternity bags for mother and baby, nursing bags for mothers, diaper bag handbag",₹975,5.0 out of 5 stars,(2)
/Lavie-Beech-Womens-Handbag-Lt-Gold/dp/B078XXYNM8,Lavie Women's Beech Satchel Bag | Ladies Purse Handbag,"₹1,547",4.2 out of 5 stars,"(3,623)"
/Chumbak-Charm-Navy-Fashion-Tote/dp/B084YP2ZLJ,Chumbak Owl Charm Fashion Tote Bag - Navy,"₹2,995",4.2 out of 5 stars,(22)
/Eco-Right-Shoulder-Women-Green/dp/B0B1VGG258,"Eco Right Shoulder Bags for Women, Small Purse for Women & Girls",₹999,4.0 out of 5 stars,(4)
/Lavie-Moritz-Womens-Sling-Black/dp/B07TDN3J4K,Moritz Qlt Flap Over Sling bag,"₹1,400",4.3 out of 5 stars,(326)
/AirCase-C39-Backpack-Rucksacks-15-6-Inch/dp/B07V1NVB7T,"AirCase C39- 13 Inch/14 Inch/15 Inch Laptop Backpack for college, Men and Women (Black)","₹1,519",4.0 out of 5 stars,(136)
,,,,
/Lavie-Cetan-Womens-Sling-Dk-Pink/dp/B07G8JJZ66,Lavie Cetan Hard Flap Sling Bag | Ladies Purse Handbag,"₹1,171",3.9 out of 5 stars,(271)
/Compartment-Bottle-Wristband-Gloves-Fitness/dp/B0BQN19KQM,"Hang It Gym Bag Combo for Men and Woman ll Gym Bag with Shoe Compartment ,Blue 500ML Bottle, Blue Wristband, Blue Gloves ll Gym kit for Men and Women ll Gym Bag & Fitness Kit & Gym Bag Combo",₹549,,
/Lino-Perros-Womens-Sling-Beige/dp/B07L8HQKMD,Lino Perros Faux Leather Sling Bag,₹979,3.7 out of 5 stars,(182)
/Nivia-6852BK-Polyester-String-Black/dp/B07NNDWGYC,Nivia 6852BK Polyester String Bag (Black),₹303,4.1 out of 5 stars,(101)
/Amazon-Basics-Casual-Laptop-Backpack/dp/B09W4X977X,AmazonBasics 21 ltrs (29 Cms)Casual Backpack-21 L(CLB-6_black),₹839,4.2 out of 5 stars,(385)
/ASTRID-Womens-Freebie-Watermelon-Textured/dp/B08Q7G31MM,ASTRID Cotton Tote Bags,₹699,4.0 out of 5 stars,(58)
/s/?k=bags+for+girls&ref=sugsr_0&pd_rd_w=6SoNC&content-id=amzn1.sym.c16802f7-e9f2-4a7a-ace2-b13748bc8783:amzn1.sym.c16802f7-e9f2-4a7a-ace2-b13748bc8783&pf_rd_p=c16802f7-e9f2-4a7a-ace2-b13748bc8783&pf_rd_r=TSYEHASBYRD5HRV7KZYT&pd_rd_wg=vZuWp&pd_rd_r=aab79d2c-9334-47c8-9ec1-0efaa4d2dff9&qid=1675433309,,,,
,,,,
/gp/help/customer/display.html?nodeId=200533820,,,,
,,,,
/AQVA-Stripe-Canvas-Shoulder-Shopping/dp/B08Y13LD57,"AQVA Canvas Tote Bag for Women, Shoulder Bag with Inner Zip Pocket, Printed Handbag for Shopping, Travel, Work, Beach",₹755,4.4 out of 5 stars,(546)
/Chumbak-Tropical-Vines-Crossbody-Bag/dp/B084Z4S47R,Chumbak Tropical Vines Crossbody Bag - Maroon,"₹2,446",,
,,,,
,,,,
/s/?k=bags+for+girls&ref=sugsr_0&pd_rd_w=9K3qo&content-id=amzn1.sym.c16802f7-e9f2-4a7a-ace2-b13748bc8783:amzn1.sym.c16802f7-e9f2-4a7a-ace2-b13748bc8783&pf_rd_p=c16802f7-e9f2-4a7a-ace2-b13748bc8783&pf_rd_r=TBQ6NM86NX39XHCVEESF&pd_rd_wg=0L8ql&pd_rd_r=46150e17-4320-41be-bb30-4f2b3956e3aa&qid=1675433326,,,,
,,,,
/gp/help/customer/display.html?nodeId=200533820,,,,
